login,name,company,location,email,hireable,bio,public_repos,followers,following,created_at
nicknochnack,,,,,False,,0,0,0,
brendangregg,,,,,False,,0,0,0,
cornflourblue,,,,,False,,0,0,0,
0vm,,,,,False,,0,0,0,
davecheney,,,,,False,,0,0,0,
JedWatson,,,,,False,,0,0,0,
dragen1860,,,,,False,,0,0,0,
thombergs,,,,,False,,0,0,0,
DmitryBaranovskiy,,,,,False,,0,0,0,
redguardtoo,,,,,False,,0,0,0,
sanjay-kv,,,,,False,,0,0,0,
Canva,,,,,False,,0,0,0,
orhanobut,,,,,False,,0,0,0,
tonybaloney,,,,,False,,0,0,0,
dmytrodanylyk,,,,,False,,0,0,0,
MaryamAustralia,,,,,False,,0,0,0,
haskellcamargo,,,,,False,,0,0,0,
jpillora,,,,,False,,0,0,0,
adg,,,,,False,,0,0,0,
SamSaffron,,,,,False,,0,0,0,
alecthomas,,,,,False,,0,0,0,
johndpope,,,,,False,,0,0,0,
djnavarro,,,,,False,,0,0,0,
JayZeeDesign,,,,,False,,0,0,0,
tamim,,,,,False,,0,0,0,
dformoso,,,,,False,,0,0,0,
domesticmouse,,,,,False,,0,0,0,
hugobowne,,,,,False,,0,0,0,
stevemao,,,,,False,,0,0,0,
kaloraat,,,,,False,,0,0,0,
